"path","bytes","lines","sha256","assessment","","","","","","","","","","","","","","",""
".agents/rules/project-context.md","4451","66","9f5c12c7a333d1787d70506b5e8d65c2da27d0cca1d59f4844811912d5717266","Architecture/context rule; inherited novelty claims are not research evidence.","","","","","","","","","","","","","","",""
".gitignore","3227","120","0e07e59e553ad44fb951361f6487f18d169d8735cfbc1da274936efc207a3c0a","Excludes plans, model/data artifacts and generated files; all locally present ignored files inspected.","","","","","","","","","","","","","","",""
"CodeBase/README.md","5256","113","51dc6a0707b0557d35552388421d73dc0a60ce5fa493e53461efce4fc0a532e6","Repository map and setup instructions; referenced hub entry point absent.","","","","","","","","","","","","","","",""
"CodeBase/assets/avatar/clips/README.md","767","28","ac25869dfd22df0d36f54843ac52f8b427ef69fbba8699ecb88468674f62bbf0","Expected media assets only; no local playable assets present.","","","","","","","","","","","","","","",""
"CodeBase/assets/sounds/README.md","267","10","be9e8dd72095e53f0381be7fde3c7a0b9e2e9808d10371ef4b880de98e888409","Expected media assets only; no local playable assets present.","","","","","","","","","","","","","","",""
"CodeBase/cloud/README.md","1054","26","a0d29c9ab2050b56097ac55e122c853e11dee616793b3e702e28ad53db29973e","Relay plan; no-content-storage claim conflicts with offline persistence when read literally.","","","","","","","","","","","","","","",""
"CodeBase/cloud/mqtt/mosquitto.conf","1867","40","6e529d7424646f0b550a716b3a0e80d629ca4e552d8a91138763647ca806af81","TLS/authentication/persistence template; actual certificates, ACL and deployment evidence absent.","","","","","","","","","","","","","","",""
"CodeBase/docs/README.md","313","9","4872198a2343870c061915aced6dad6c86101f191247f3f962fc4bfa7b2793bc","Component architecture/directory specification; no executable implementation alongside this README.","","","","","","","","","","","","","","",""
"CodeBase/docs/api/README.md","391","11","e930aa896c53ec9e47684f6dac8ccac10fa5bfc5d62dbd48e59aa095596c7a65","README specification of future files; corresponding implementation absent in this directory.","","","","","","","","","","","","","","",""
"CodeBase/docs/hardware/README.md","571","14","c30fba030d49c765b90a6795fc9074ff8a945eb62d54396594e0c9b6e78da640","README specification of future files; corresponding implementation absent in this directory.","","","","","","","","","","","","","","",""
"CodeBase/hub/README.md","2353","43","be7c3ced82ee2e0392a4026d7b8772abf8655f4d3b93d7748fb5152de170ce0c","Component architecture/directory specification; no executable implementation alongside this README.","","","","","","","","","","","","","","",""
"CodeBase/hub/config/config.example.yaml","2903","82","93ac8f95a23834341a16d1bb5c90f599b16c2264badc08f951286ec6de6be6cf","Example hub/module/speech/security settings; no implementation or runtime result.","","","","","","","","","","","","","","",""
"CodeBase/hub/converters/README.md","493","12","df1f810ffe31b4d30d5157489fcbe8f57f8d026ea48ed0719c50ae4f0491957f","README specification of future files; corresponding implementation absent in this directory.","","","","","","","","","","","","","","",""
"CodeBase/hub/core/README.md","422","11","2194b8a1f279aa35dc7908e3d28870e71ca34815ca29efba37c26bc9af0509bd","README specification of future files; corresponding implementation absent in this directory.","","","","","","","","","","","","","","",""
"CodeBase/hub/health/README.md","363","10","52deed92639de60283ee4b103af10da5a709c9ebd376aa086616049ee6c6c3e1","README specification of future files; corresponding implementation absent in this directory.","","","","","","","","","","","","","","",""
"CodeBase/hub/networking/README.md","485","12","6678b26b4d88a7a79d5b90122128203e7a15ee2ede85d2731aa46386123ee69e","README specification of future files; corresponding implementation absent in this directory.","","","","","","","","","","","","","","",""
"CodeBase/hub/stt/README.md","551","17","b8617f9ab5589ed2908af5b0bea348f5c07c5702b1347278d5f8e5443bb1d552","README specification of future files; corresponding implementation absent in this directory.","","","","","","","","","","","","","","",""
"CodeBase/hub/tts/README.md","439","16","ec64f678bd34e7071d729c773582d4063343087a4bb1b4b85e64efdc9f91bc3a","README specification of future files; corresponding implementation absent in this directory.","","","","","","","","","","","","","","",""
"CodeBase/hub/ui/README.md","575","20","1a5db20a565a8b05bacac96ab4c4d22bdb7c2ed1616ee68cc9299beae63630c7","README specification of future files; corresponding implementation absent in this directory.","","","","","","","","","","","","","","",""
"CodeBase/ml/README.md","1841","43","5e8b158dafaa665215e121469f1899ab8685ecf5de8fb431e5ea809a96ba154c","Component architecture/directory specification; no executable implementation alongside this README.","","","","","","","","","","","","","","",""
"CodeBase/ml/datasets/processed/README.md","410","11","0cc865558f9736c42157182454fb3cc56d7693eaa11e99375f3abb5a531ae735","Dataset format specification only; no local dataset samples present.","","","","","","","","","","","","","","",""
"CodeBase/ml/datasets/raw/README.md","602","13","5e90545775cf043cfdc2c8528a71626ac8a78941629649ed2242748d125e7165","Dataset format specification only; no local dataset samples present.","","","","","","","","","","","","","","",""
"CodeBase/ml/evaluation/README.md","295","9","a009262d6effece465244b947268ce126700e94ba98d8613948914d8ffa0d186","README specification of future files; corresponding implementation absent in this directory.","","","","","","","","","","","","","","",""
"CodeBase/ml/models/architectures/README.md","362","10","03e1a8d6439e3bb18085a8a9592f76354b0cec35cae19538b438e91df19b671c","README specification of future files; corresponding implementation absent in this directory.","","","","","","","","","","","","","","",""
"CodeBase/ml/models/trained/README.md","470","12","d5e2cd5d8b775d953115f4b63291aff42f6274ad776081ee7ddd530984c7092b","Expected trained-model files only; no local weights or training logs present.","","","","","","","","","","","","","","",""
"CodeBase/ml/training/README.md","417","10","04074644dff642b5ad7d46006988735530344211b545deaa3e452f3d4b896ac1","README specification of future files; corresponding implementation absent in this directory.","","","","","","","","","","","","","","",""
"CodeBase/modules/braille/README.md","19439","477","e0360908010bb19429316a083369e3bd20408f70c800b2b4a6c500a0f826a3a0","Detailed wiring/alphabet guide; angle, home and timing descriptions diverge from calibrated firmware.","","","","","","","","","","","","","","",""
"CodeBase/modules/braille/firmware/braille_module/braille_module.ino","13416","354","4d11304e10862c46887348e4fb620815d7125ac34f53decb6868ee91a6b76969","Networked single-cell draft; 25/26 alphabet decode mismatches, chord capture and blocking callback issues.","","","","","","","","","","","","","","",""
"CodeBase/modules/braille/firmware/braille_module/brailv1.ino","19659","482","6138121db3eee95842ca5efbe25c3194882d7487f7d78badc4925f604e47428b","Calibrated serial single-cell demo; alphabet/space only; no performance logs.","","","","","","","","","","","","","","",""
"CodeBase/modules/braille/firmware/braille_module/demomodule.ino","22555","933","01e5804c19110bbaa11d10de61e8d8813305d801699b1f16404ef58f9e0a6fb2","HTTP/AP four-cell eight-servo demo; blocking operations, command-preview UI, no physical output telemetry.","","","","","","","","","","","","","","",""
"CodeBase/modules/braille/firmware/braille_module/v2working.ino","19661","482","be26df8726bb406ed9ee6492dfa09b4e6dc955d501e69ee65e138ff496c1d8dd","Equivalent to brailv1 after whitespace removal; not a distinct algorithm version.","","","","","","","","","","","","","","",""
"CodeBase/modules/gaze/README.md","1429","41","bfe2b2704eb00d7bdc3243a7a7c60a109236991ef54af3c19b154883efe7c222","Gaze interaction design; iris landmarks treated as gaze; adaptation/outcomes unverified in checkout.","","","","","","","","","","","","","","",""
"CodeBase/modules/gaze/src/README.md","799","14","4b8e2450b3a5a6abbfb7441ea0173c47fdade4d3b749964cdef3c24baa3ee282","README specification of future files; corresponding implementation absent in this directory.","","","","","","","","","","","","","","",""
"CodeBase/modules/glove/README.md","3579","86","11db15e65a481050b357cf370feeb3acbae15c972382d26f60fce06bcaa749a5","Sensor hardware and UART/MQTT plan; S3 pin incompatibility and 100 Hz claim need correction.","","","","","","","","","","","","","","",""
"CodeBase/modules/glove/firmware/glove_module/glove_module.ino","22936","517","baf70dc66d4d94fce1d9e0b7021ca24ab8a9563f80df860724459779596884d1","Sensor/UART firmware; no sign inference; sampling bottleneck; SpO2 placeholder; unvalidated fall threshold.","","","","","","","","","","","","","","",""
"CodeBase/modules/glove/vision/README.md","918","15","d437bcfc5e7702243b7635ef9fde7df2ec6d53b1b2022e5fa34f49342198a83a","README specification of future files; corresponding implementation absent in this directory.","","","","","","","","","","","","","","",""
"CodeBase/modules/voice/README.md","1172","28","b2e1b9a0ac41ba0989725abd430276bcf3757a59a594adbea08bd0e4e75201f5","Voice architecture plan; PCM byte/bit-rate confusion.","","","","","","","","","","","","","","",""
"CodeBase/modules/voice/firmware/voice_module/voice_module.ino","7148","185","782fba74d37122d0907e650cb2ce86ad834352b277817832247ae01386a0ffe6","Mic capture and publish attempt; oversized full packet, missing VAD and speaker/playback implementation.","","","","","","","","","","","","","","",""
"CodeBase/requirements.txt","2022","35","862f697597938e91eba18b765cf2c20d27737dc98dcc18e3e99ce3298d58541e","Unpinned minimum-version Python dependency list; not a reproducible per-board environment.","","","","","","","","","","","","","","",""
"CodeBase/scripts/deploy/README.md","345","11","627d2c046ac94d9fef8075d37fbc94cecaade6e1e98f179ffd8687d1dc331b75","README specification of future files; corresponding implementation absent in this directory.","","","","","","","","","","","","","","",""
"CodeBase/scripts/setup/README.md","385","11","44a68bc1c4bb096ba425c0486cb105b78096944a11476ceca37506a89cce1521","README specification of future files; corresponding implementation absent in this directory.","","","","","","","","","","","","","","",""
"CodeBase/scripts/tools/README.md","547","13","ed4c2a3044c576bf2199e87e106febe780f10b9cef27727d5ee220ecaf3dc669","README specification of future files; corresponding implementation absent in this directory.","","","","","","","","","","","","","","",""
"CodeBase/shared/README.md","639","14","e9d05a8f9c263ccccb7d23519f6b03934ae52e59b354f6c9e9baeb168752a93c","Component architecture/directory specification; no executable implementation alongside this README.","","","","","","","","","","","","","","",""
"CodeBase/shared/braille/README.md","565","12","9ecee871fc34e85ce703a52509b88c4da950132374f6500ef8b78757526a806c","README specification of future files; corresponding implementation absent in this directory.","","","","","","","","","","","","","","",""
"CodeBase/shared/crypto/README.md","414","11","1103be6442c08d5b7cb325102ffc853c37368ee790882ee08bf77d744d3944b6","README specification of future files; corresponding implementation absent in this directory.","","","","","","","","","","","","","","",""
"CodeBase/shared/protocol/README.md","304","10","47a563bc22cfacc710dc81ce955806f50f9f0e14ab564ab86762412dae31f9ca","Component architecture/directory specification; no executable implementation alongside this README.","","","","","","","","","","","","","","",""
"CodeBase/shared/protocol/amp_schema.json","2678","98","87165abc5e7b5a2e130e84113ed3f0a71fe8fdf3e891a539370453216b5d5a34","Parseable message schema; security envelope and delivery/rendering semantics incomplete.","","","","","","","","","","","","","","",""
"CodeBase/tests/README.md","488","25","721ee70dbf82ed9b1f38ad1114e1520dc9fa3265bc8de1556b197507b273af94","Test suite plan and example commands only; no executable test cases present.","","","","","","","","","","","","","","",""
"CodeBase/tests/e2e/README.md","760","16","48e4ac8b9a1875a7cf7b12dd78d6e528e8531669f25a3dcac778824669990aae","README specification of future files; corresponding implementation absent in this directory.","","","","","","","","","","","","","","",""
"CodeBase/tests/integration/README.md","485","12","db3dfce57beb0de70fd1ec3290142cfa48e215dd95e00f2c9e2dd16ee317a705","README specification of future files; corresponding implementation absent in this directory.","","","","","","","","","","","","","","",""
"CodeBase/tests/unit/README.md","501","13","b6efd0762a780b67a7ab8866864a430260e3f61f2ac69c2ff85539e631faac41","README specification of future files; corresponding implementation absent in this directory.","","","","","","","","","","","","","","",""
"PROJECT_BRAIN.md","20852","403","542812438a64ea90373e78014c40c1272de299bf866aa35d426c77617441d463","Master design/TODO; prototype status stale versus owner confirmation; numerical targets not measurements.","","","","","","","","","","","","","","",""
"README.md","4330","90","d709fe0a333215839c18ece37f948ae30e7c66c7a3007f0e2268cb3be6d1b3c1","Ecosystem overview; mixes intended and implemented capabilities.","","","","","","","","","","","","","","",""
"anti/novelty_analysis.md","17496","235","13f07204a6abb35773f6a7852de37203069919c0af9a1d95bff19cdb4a14da64","Unsupported absolute novelty assertions and mixed journal quartiles; lacks a traceable 40-paper bibliography.","","","","","","","","","","","","","","",""
"paper/README.md","453","14","2e662c1db72a0d2e0dcd9f968f40b922271010b7bf49bca85f153bcc4a9f08d2","Placeholder for manuscript and IoT Journal target; no original manuscript/results present.","","","","","","","","","","","","","","",""
"plan/MASTER_PLAN.md","58711","931","3597360e659c92a02ed11d8385b9b6f6d9ca3fe7ae85f792789f8584f18d2cda","Full architecture, profile matrix, hardware, fusion and publication roadmap; contradictions documented in audit.","","","","","","","","","","","","","","",""
"","","","","","","","","","","","","","","","","","","",""
"","","","","","","","","","","","","","","","","","","",""
"","","","","","","","","","","","","","","","","","","",""
"","","","","","","","","","","","","","","","","","","",""
"","","","","","","","","","","","","","","","","","","",""
"","","","","","","","","","","","","","","","","","","",""
"","","","","","","","","","","","","","","","","","","",""
"","","","","","","","","","","","","","","","","","","",""
"","","","","","","","","","","","","","","","","","","",""
"","","","","","","","","","","","","","","","","","","",""
"","","","","","","","","","","","","","","","","","","",""
"","","","","","","","","","","","","","","","","","","",""
"","","","","","","","","","","","","","","","","","","",""
"","","","","","","","","","","","","","","","","","","",""
"","","","","","","","","","","","","","","","","","","",""
"","","","","","","","","","","","","","","","","","","",""
"","","","","","","","","","","","","","","","","","","",""
"","","","","","","","","","","","","","","","","","","",""
"","","","","","","","","","","","","","","","","","","",""
"","","","","","","","","","","","","","","","","","","",""
"","","","","","","","","","","","","","","","","","","",""
"","","","","","","","","","","","","","","","","","","",""
"","","","","","","","","","","","","","","","","","","",""
"","","","","","","","","","","","","","","","","","","",""
"","","","","","","","","","","","","","","","","","","",""
"","","","","","","","","","","","","","","","","","","",""
"","","","","","","","","","","","","","","","","","","",""
"","","","","","","","","","","","","","","","","","","",""
"","","","","","","","","","","","","","","","","","","",""
"","","","","","","","","","","","","","","","","","","",""
"","","","","","","","","","","","","","","","","","","",""
"","","","","","","","","","","","","","","","","","","",""
"","","","","","","","","","","","","","","","","","","",""
"","","","","","","","","","","","","","","","","","","",""
"","","","","","","","","","","","","","","","","","","",""
"","","","","","","","","","","","","","","","","","","",""
"","","","","","","","","","","","","","","","","","","",""
"","","","","","","","","","","","","","","","","","","",""
"","","","","","","","","","","","","","","","","","","",""
"","","","","","","","","","","","","","","","","","","",""
"","","","","","","","","","","","","","","","","","","",""
"","","","","","","","","","","","","","","","","","","",""
"","","","","","","","","","","","","","","","","","","",""
"","","","","","","","","","","","","","","","","","","",""
"","","","","","","","","","","","","","","","","","","",""
"","","","","","","","","","","","","","","","","","","",""
"","","","","","","","","","","","","","","","","","","",""
"","","","","","","","","","","","","","","","","","","",""
"","","","","","","","","","","","","","","","","","","",""
"","","","","","","","","","","","","","","","","","","",""
"","","","","","","","","","","","","","","","","","","",""
"","","","","","","","","","","","","","","","","","","",""
"","","","","","","","","","","","","","","","","","","",""
"","","","","","","","","","","","","","","","","","","",""
"","","","","","","","","","","","","","","","","","","",""
"","","","","","","","","","","","","","","","","","","",""
"","","","","","","","","","","","","","","","","","","",""
"","","","","","","","","","","","","","","","","","","",""
"","","","","","","","","","","","","","","","","","","",""
"","","","","","","","","","","","","","","","","","","",""
"","","","","","","","","","","","","","","","","","","",""
"","","","","","","","","","","","","","","","","","","",""
"","","","","","","","","","","","","","","","","","","",""
"","","","","","","","","","","","","","","","","","","",""
"","","","","","","","","","","","","","","","","","","",""
"","","","","","","","","","","","","","","","","","","",""
"","","","","","","","","","","","","","","","","","","",""
"","","","","","","","","","","","","","","","","","","",""
"","","","","","","","","","","","","","","","","","","",""
"","","","","","","","","","","","","","","","","","","",""
"","","","","","","","","","","","","","","","","","","",""
"","","","","","","","","","","","","","","","","","","",""
"","","","","","","","","","","","","","","","","","","",""
"","","","","","","","","","","","","","","","","","","",""
"","","","","","","","","","","","","","","","","","","",""
"","","","","","","","","","","","","","","","","","","",""
"","","","","","","","","","","","","","","","","","","",""
"","","","","","","","","","","","","","","","","","","",""
"","","","","","","","","","","","","","","","","","","",""
"","","","","","","","","","","","","","","","","","","",""
"","","","","","","","","","","","","","","","","","","",""
"","","","","","","","","","","","","","","","","","","",""
"","","","","","","","","","","","","","","","","","","",""
"","","","","","","","","","","","","","","","","","","",""
"","","","","","","","","","","","","","","","","","","",""
"","","","","","","","","","","","","","","","","","","",""
"","","","","","","","","","","","","","","","","","","",""
"","","","","","","","","","","","","","","","","","","",""
"","","","","","","","","","","","","","","","","","","",""
"","","","","","","","","","","","","","","","","","","",""
"","","","","","","","","","","","","","","","","","","",""
"","","","","","","","","","","","","","","","","","","",""
"","","","","","","","","","","","","","","","","","","",""
"","","","","","","","","","","","","","","","","","","",""
"","","","","","","","","","","","","","","","","","","",""
"","","","","","","","","","","","","","","","","","","",""
"","","","","","","","","","","","","","","","","","","",""
"","","","","","","","","","","","","","","","","","","",""
"","","","","","","","","","","","","","","","","","","",""
"","","","","","","","","","","","","","","","","","","",""
"","","","","","","","","","","","","","","","","","","",""
"","","","","","","","","","","","","","","","","","","",""
"","","","","","","","","","","","","","","","","","","",""
"","","","","","","","","","","","","","","","","","","",""
"","","","","","","","","","","","","","","","","","","",""
"","","","","","","","","","","","","","","","","","","",""
"","","","","","","","","","","","","","","","","","","",""
"","","","","","","","","","","","","","","","","","","",""
"","","","","","","","","","","","","","","","","","","",""
"","","","","","","","","","","","","","","","","","","",""
"","","","","","","","","","","","","","","","","","","",""
"","","","","","","","","","","","","","","","","","","",""
"","","","","","","","","","","","","","","","","","","",""
"","","","","","","","","","","","","","","","","","","",""
"","","","","","","","","","","","","","","","","","","",""
"","","","","","","","","","","","","","","","","","","",""
"","","","","","","","","","","","","","","","","","","",""
"","","","","","","","","","","","","","","","","","","",""
"","","","","","","","","","","","","","","","","","","",""
"","","","","","","","","","","","","","","","","","","",""
"","","","","","","","","","","","","","","","","","","",""
"","","","","","","","","","","","","","","","","","","",""
"","","","","","","","","","","","","","","","","","","",""
"","","","","","","","","","","","","","","","","","","",""
"","","","","","","","","","","","","","","","","","","",""
"","","","","","","","","","","","","","","","","","","",""
"","","","","","","","","","","","","","","","","","","",""
"","","","","","","","","","","","","","","","","","","",""
"","","","","","","","","","","","","","","","","","","",""
"","","","","","","","","","","","","","","","","","","",""
"","","","","","","","","","","","","","","","","","","",""
"","","","","","","","","","","","","","","","","","","",""
"","","","","","","","","","","","","","","","","","","",""
"","","","","","","","","","","","","","","","","","","",""
"","","","","","","","","","","","","","","","","","","",""
"","","","","","","","","","","","","","","","","","","",""
"","","","","","","","","","","","","","","","","","","",""
"","","","","","","","","","","","","","","","","","","",""
"","","","","","","","","","","","","","","","","","","",""
"","","","","","","","","","","","","","","","","","","",""
"","","","","","","","","","","","","","","","","","","",""
"","","","","","","","","","","","","","","","","","","",""
"","","","","","","","","","","","","","","","","","","",""